"{""soccer"":{""total"":[{""periodScoreType"":1,""periods"":[4]}],""periodScores"":[{""periodScoreType"":1,""periods"":[2,3,71,72]}],""statistics"":[{""periodScoreType"":4,""periods"":[4]},{""periodScoreType"":2,""periods"":[4]},{""periodScoreType"":66,""periods"":[4]},{""periodScoreType"":8,""periods"":[4]},{""periodScoreType"":16,""periods"":[4]},{""periodScoreType"":14,""periods"":[4]},{""periodScoreType"":67,""periods"":[4]}]},""tennis"":{""total"":[{""periodScoreType"":1009,""periods"":[1]}],""periodScores"":[{""periodScoreType"":1011,""periods"":[2,3,4,5,6]}],""points"":[{""periodScoreType"":1010,""periods"":[2,3,4,5,6]}],""statistics"":[{""periodScoreType"":70,""periods"":[1]},{""periodScoreType"":85,""periods"":[1]}]},""basketball"":{""total"":[{""periodScoreType"":1010,""periods"":[8]}],""periodScores"":[{""periodScoreType"":1010,""periods"":[4,5,6,7]}],""statistics"":[{""periodScoreType"":82,""periods"":[8]},{""periodScoreType"":79,""periods"":[8]},{""periodScoreType"":33,""periods"":[8]},{""periodScoreType"":23,""periods"":[8]},{""periodScoreType"":30,""periods"":[8]},{""periodScoreType"":78,""periods"":[8]},{""periodScoreType"":35,""periods"":[8]}]},""iceHockey"":{""total"":[{""periodScoreType"":1,""periods"":[5]}],""periodScores"":[{""periodScoreType"":1,""periods"":[2,3,4]}],""statistics"":[{""periodScoreType"":68,""periods"":[5]},{""periodScoreType"":21,""periods"":[5]},{""periodScoreType"":36,""periods"":[5]},{""periodScoreType"":37,""periods"":[5]},{""periodScoreType"":38,""periods"":[5]}]},""volleyball"":{""total"":[{""periodScoreType"":1009,""periods"":[1]}],""periodScores"":[{""periodScoreType"":1010,""periods"":[2,3,4,5,6,7,8]}],""statistics"":[{""periodScoreType"":70,""periods"":[1]},{""periodScoreType"":20,""periods"":[1]},{""periodScoreType"":22,""periods"":[1]},{""periodScoreType"":31,""periods"":[1]}]},""tableTennis"":{""total"":[{""periodScoreType"":1009,""periods"":[1]}],""periodScores"":[{""periodScoreType"":1010,""periods"":[2,3,4,5,6,7,8]}]},""handball"":{""total"":[{""periodScoreType"":1,""periods"":[4]}],""periodScores"":[{""periodScoreType"":1,""periods"":[2,3]}]},""eSport"":{""total"":[{""periodScoreType"":1006,""periods"":[1]}],""periodScores"":[{""periodScoreType"":1007,""periods"":[2,3,4,5,6,7,8]}]},""badminton"":{""total"":[{""periodScoreType"":1009,""periods"":[1]}],""periodScores"":[{""periodScoreType"":1010,""periods"":[2,3,4,5,6]}]},""beachVolleyball"":{""total"":[{""periodScoreType"":1009,""periods"":[1]}],""periodScores"":[{""periodScoreType"":1010,""periods"":[2,3,4]}]},""amFootball"":{""total"":[{""periodScoreType"":1010,""periods"":[8,1]}],""periodScores"":[{""periodScoreType"":1010,""periods"":[4,5,6,7]}]},""futsal"":{""total"":[{""periodScoreType"":1,""periods"":[4]}],""periodScores"":[{""periodScoreType"":1,""periods"":[2,3]}]},""baseball"":{""total"":[{""periodScoreType"":1010,""periods"":[12]}],""periodScores"":[{""periodScoreType"":1010,""periods"":[3,4,5,6,7,8,9,10,11]}]},""virtualFootball"":{""total"":[{""periodScoreType"":1,""periods"":[1]}]},""virtualBasketball"":{""total"":[{""periodScoreType"":1010,""periods"":[8]}]},""beachSoccer"":{""total"":[{""periodScoreType"":1,""periods"":[7]}],""periodScores"":[{""periodScoreType"":1,""periods"":[2,3,4]}]},""fieldHockey"":{""total"":[{""periodScoreType"":1,""periods"":[8]}],""periodScores"":[{""periodScoreType"":1,""periods"":[2,3,4,5]}]},""waterPolo"":{""total"":[{""periodScoreType"":1,""periods"":[9]}],""periodScores"":[{""periodScoreType"":1,""periods"":[2,3,4,5]}]},""bandy"":{""total"":[{""periodScoreType"":1,""periods"":[7]}],""periodScores"":[{""periodScoreType"":1,""periods"":[2,3,4]},{""periodScoreType"":1,""periods"":[5]}]},""floorball"":{""total"":[{""periodScoreType"":1,""periods"":[5]}],""periodScores"":[{""periodScoreType"":1,""periods"":[2,3,4]},{""periodScoreType"":1,""periods"":[6]}]},""rugby"":{""total"":[{""periodScoreType"":1010,""periods"":[8]}],""periodScores"":[{""periodScoreType"":1010,""periods"":[4,5]}]},""curling"":{""total"":[{""periodScoreType"":1010,""periods"":[13]}],""periodScores"":[{""periodScoreType"":1010,""periods"":[2,3,4,5,6,7,8,9,10,11]}]},""chess"":{""total"":[{""periodScoreType"":1010,""periods"":[1]}]},""bowls"":{""total"":[{""periodScoreType"":1009,""periods"":[8]}],""periodScores"":[{""periodScoreType"":1010,""periods"":[4,5,6,7]}]},""squash"":{""total"":[{""periodScoreType"":1009,""periods"":[1]}],""periodScores"":[{""periodScoreType"":1010,""periods"":[2,3,4,5,6,7,8]}]},""cricket"":{""total"":[{""periodScoreType"":1002,""periods"":[1]}],""periodScores"":[{""periodScoreType"":1003,""periods"":[5,6]},{""periodScoreType"":1002,""periods"":[5,6]}]},""australianFootball"":{""total"":[{""periodScoreType"":1010,""periods"":[9]}],""periodScores"":[{""periodScoreType"":1010,""periods"":[4,5,6,7]}]},""snooker"":{""total"":[{""periodScoreType"":1001,""periods"":[1]}],""periodScores"":[{""periodScoreType"":1010,""periods"":[2,3,4,5,6,7,8,9,10,11,12,13,14,15,16,17,18,19,20,21,22,23,24,25,26,27,28,29,30,31,32,33,34,35,36,37,38]}]},""kabaddi"":{""total"":[{""periodScoreType"":1010,""periods"":[4]}],""periodScores"":[{""periodScoreType"":1010,""periods"":[2,3]},{""periodScoreType"":1010,""periods"":[5]}]},""darts"":{""total"":[{""periodScoreType"":1004,""periods"":[1]}],""periodScores"":[{""periodScoreType"":1005,""periods"":[2,3,4,5,6,7,8,9,10,11,12,13,14]}]},""brand"":""COM""}"
"{""brand"":""COM"",""taxInformation"":{""defaultVariation"":{""taxCoefficient"":0.2,""bonusCoefficient"":0.2}},""minBetStakeAmounts"":{""defaultVariation"":{""UAH"":{""single"":20,""parlay"":20,""system"":21},""XTS"":{""single"":10,""parlay"":10,""system"":10.5},""USD"":{""single"":1,""parlay"":1,""system"":1.05},""EUR"":{""single"":1,""parlay"":1,""system"":1.05},""PLN"":{""single"":1,""parlay"":1,""system"":0.35},""MDL"":{""single"":5,""parlay"":5,""system"":1.75},""AZN"":{""single"":0.5,""parlay"":0.5,""system"":0.175},""UXBT"":{""single"":30,""parlay"":30,""system"":90},""TMT"":{""single"":0.7,""parlay"":0.7,""system"":0.7},""KGS"":{""single"":1.5,""parlay"":1.5,""system"":1.5}}},""preSetStakeAmounts"":{""defaultVariation"":{""UAH"":[""100"",""200"",""500"",""MAX""],""USD"":[""20"",""50"",""100"",""MAX""],""XTS"":[""20"",""50"",""100"",""MAX""],""EUR"":[""20"",""50"",""100"",""MAX""],""BRL"":[""10"",""20"",""50"",""MAX""],""TZS"":[""10"",""20"",""50"",""MAX""],""NGN"":[""10"",""20"",""50"",""MAX""],""PKR"":[""500"",""1000"",""2000"",""MAX""],""INR"":[""100"",""200"",""500"",""MAX""],""UXBT"":[""300"",""600"",""900"",""MAX""],""TMT"":[""50"",""150"",""MAX""],""KGS"":[""30"",""100"",""MAX""]},""rules"":[{""conditions"":[{""values"":["".*_NVGMOeySlqZxV3Pv016fQ[.][0-9]{5}[.]1(!.*)?""],""predicate"":""tags.cookie"",""operator"":""matches""}],""variation"":{""UAH"":[""100"",""200"",""ALL-IN"",""MAX""],""USD"":[""20"",""50"",""100"",""MAX""],""EUR"":[""20"",""50"",""100"",""MAX""],""BRL"":[""10"",""20"",""50"",""MAX""],""TZS"":[""10"",""20"",""50"",""MAX""],""NGN"":[""10"",""20"",""50"",""MAX""],""PKR"":[""500"",""1000"",""2000"",""MAX""],""INR"":[""100"",""200"",""500"",""MAX""],""UXBT"":[""300"",""600"",""900"",""MAX""],""TMT"":[""50"",""150"",""MAX""],""KGS"":[""30"",""100"",""MAX""]}}]},""defaultStakeAmounts"":{""defaultVariation"":{""UAH"":{""single"":30,""parlay"":30,""system"":30},""XTS"":{""single"":30,""parlay"":30,""system"":30},""USD"":{""single"":10,""parlay"":10,""system"":10},""EUR"":{""single"":10,""parlay"":10,""system"":10},""BRL"":{""single"":1,""parlay"":1,""system"":1},""TZS"":{""single"":300,""parlay"":300,""system"":300},""NGN"":{""single"":50,""parlay"":50,""system"":50},""PLN"":{""single"":5,""parlay"":5,""system"":5},""MDL"":{""single"":5,""parlay"":5,""system"":1.75},""AZN"":{""single"":1,""parlay"":1,""system"":1},""UXBT"":{""single"":100,""parlay"":100,""system"":100},""TMT"":{""single"":15,""parlay"":15,""system"":15},""KGS"":{""single"":10,""parlay"":10,""system"":10}}},""betslip2DefaultMode"":{""defaultVariation"":{""mode"":""expanded""}},""sports"":{""defaultVariation"":{""items"":[{""feedId"":""F"",""id"":""soccer"",""title"":""Football"",""icon"":""SI_Soccer""},{""feedId"":""CS"",""id"":""eSport"",""title"":""E-Sports"",""icon"":""SI_Cybersport""},{""feedId"":""T"",""id"":""tennis"",""title"":""Tennis"",""icon"":""SI_Tennis""},{""feedId"":""TT"",""id"":""tableTennis"",""title"":""Table Tennis"",""icon"":""SI_TableTennis""},{""feedId"":""B"",""id"":""basketball"",""title"":""Basketball"",""icon"":""SI_Basketball""},{""feedId"":""VB"",""id"":""volleyball"",""title"":""Volleyball"",""icon"":""SI_Volleyball""},{""feedId"":""H"",""id"":""iceHockey"",""title"":""Ice Hockey"",""icon"":""SI_IceHockey""},{""feedId"":""UFC"",""id"":""ufc"",""title"":""UFC"",""icon"":""SI_UFC""},{""feedId"":""HB"",""id"":""handball"",""title"":""Handball"",""icon"":""SI_Handball""},{""feedId"":""BV"",""id"":""beachVolleyball"",""title"":""Beach Volleyball"",""icon"":""SI_BeachVolleyball""},{""feedId"":""BN"",""id"":""badminton"",""title"":""Badminton"",""icon"":""SI_Badminton""},{""feedId"":""BX"",""id"":""box"",""title"":""Boxing"",""icon"":""SI_Box""},{""feedId"":""MA"",""id"":""mma"",""title"":""MMA"",""icon"":""SI_MMA""},{""feedId"":""FZ"",""id"":""futsal"",""title"":""Futsal"",""icon"":""SI_IndoorSoccer""},{""feedId"":""AF"",""id"":""amFootball"",""title"":""American football"",""icon"":""SI_AmFootball""},{""feedId"":""AM"",""id"":""autoMoto"",""title"":""Motor Sports"",""icon"":""SI_Racing""},{""feedId"":""AR"",""id"":""aussie-rules"",""title"":""Aussie Rules"",""icon"":""SI_AussieRules""},{""feedId"":""BB"",""id"":""baseball"",""title"":""Baseball"",""icon"":""SI_Baseball""},{""feedId"":""BD"",""id"":""bandy"",""title"":""Bandy"",""icon"":""SI_Bandy""},{""feedId"":""BF"",""id"":""beachSoccer"",""title"":""Beach Football"",""icon"":""SI_BeachSoccer""},{""feedId"":""BW"",""id"":""bowls"",""title"":""Bowls"",""icon"":""SI_Bowls""},{""feedId"":""CR"",""id"":""cycleRacing"",""title"":""Cycling"",""icon"":""SI_Cycling""},{""feedId"":""CE"",""id"":""chess"",""title"":""Chess"",""icon"":""SI_Chess""},{""feedId"":""CL"",""id"":""curling"",""title"":""Curling"",""icon"":""SI_Curling""},{""feedId"":""CK"",""id"":""cricket"",""title"":""Cricket"",""icon"":""SI_Cricket""},{""feedId"":""KB"",""id"":""kabaddi"",""title"":""Kabaddi"",""icon"":""SI_Kabaddi""},{""feedId"":""DT"",""id"":""darts"",""title"":""Darts"",""icon"":""SI_Darts""},{""feedId"":""ET"",""id"":""entertaiment"",""title"":""Entertaiments"",""icon"":""SI_Entertainment""},{""feedId"":""FL"",""id"":""floorball"",""title"":""Floorball"",""icon"":""SI_Floorball""},{""feedId"":""FH"",""id"":""fieldHockey"",""title"":""Field Hockey"",""icon"":""SI_FieldHockey""},{""feedId"":""GF"",""id"":""golf"",""title"":""Golf"",""icon"":""SI_Golf""},{""feedId"":""MR"",""id"":""motorcycle-races"",""title"":""Motorbikes"",""icon"":""SI_Racing""},{""feedId"":""LT"",""id"":""lottery"",""title"":""Lottery"",""icon"":""SI_Lottery""},{""feedId"":""OG"",""id"":""olympicGames"",""title"":""Olympics"",""icon"":""SI_Olympics""},{""feedId"":""PL"",""id"":""snooker"",""title"":""Snooker"",""icon"":""SI_Snooker""},{""feedId"":""PO"",""id"":""politics"",""title"":""Politics"",""icon"":""SI_Politics""},{""feedId"":""RG"",""id"":""rugby"",""title"":""Rugby"",""icon"":""SI_Rugby""},{""feedId"":""BT"",""id"":""biathlon"",""title"":""Biathlon"",""icon"":""SI_Biathlon""},{""feedId"":""VF"",""id"":""virtual-football"",""title"":""Virtual Football"",""icon"":""SI_Cybersport""},{""feedId"":""VT"",""id"":""virtual-tennis"",""title"":""Virtual Tennis"",""icon"":""SI_Cybersport""},{""feedId"":""VL"",""id"":""virtual-basketball"",""title"":""Virtual Basketball"",""icon"":""SI_Cybersport""},{""feedId"":""WP"",""id"":""waterPolo"",""title"":""Water Polo"",""icon"":""SI_WaterPolo""},{""feedId"":""WS"",""id"":""winterSport"",""title"":""Winter Sports"",""icon"":""SI_WinterSports""},{""feedId"":""OT"",""id"":""otherEvents"",""title"":""Other"",""icon"":""SI_OtherEvents""}]}},""locizeVersion"":{""defaultVariation"":""stable""},""defaultCurrency"":""UAH""}"
"<!doctype html><html lang=""en-US""><head><title>Parimatch</title><meta charset=""UTF-8""><meta name=""viewport"" content=""width=device-width,initial-scale=1,maximum-scale=1,user-scalable=0""><meta name=""theme-color"" content=""#000000""><link rel=""manifest"" href=""pwa/manifest.json""><link rel=""shortcut icon"" href=""/favicon.ico""><link rel=""icon"" type=""image/png"" sizes=""32x32"" href=""/favicon-32x32.png""><link rel=""icon"" type=""image/png"" sizes=""16x16"" href=""/favicon-16x16.png""><link rel=""apple-touch-startup-image"" href=""/content/uploads/icons/iphone5_splash.png"" media=""(device-width: 320px) and (device-height: 568px) and (-webkit-device-pixel-ratio: 2)""><link rel=""apple-touch-startup-image"" href=""/content/uploads/icons/iphone6_splash.png"" media=""(device-width: 375px) and (device-height: 667px) and (-webkit-device-pixel-ratio: 2)""><link rel=""apple-touch-startup-image"" href=""/content/uploads/icons/iphoneplus_splash.png"" media=""(device-width: 621px) and (device-height: 1104px) and (-webkit-device-pixel-ratio: 3)""><link rel=""apple-touch-startup-image"" href=""/content/uploads/icons/iphonex_splash.png"" media=""(device-width: 375px) and (device-height: 812px) and (-webkit-device-pixel-ratio: 3)""><link rel=""apple-touch-startup-image"" href=""/content/uploads/icons/iphonexr_splash.png"" media=""(device-width: 414px) and (device-height: 896px) and (-webkit-device-pixel-ratio: 2)""><link rel=""apple-touch-startup-image"" href=""/content/uploads/icons/iphonexsmax_splash.png"" media=""(device-width: 414px) and (device-height: 896px) and (-webkit-device-pixel-ratio: 3)""><link rel=""apple-touch-startup-image"" href=""/content/uploads/icons/ipad_splash.png"" media=""(device-width: 768px) and (device-height: 1024px) and (-webkit-device-pixel-ratio: 2)""><link rel=""apple-touch-startup-image"" href=""/content/uploads/icons/ipadpro1_splash.png"" media=""(device-width: 834px) and (device-height: 1112px) and (-webkit-device-pixel-ratio: 2)""><link rel=""apple-touch-startup-image"" href=""/content/uploads/icons/ipadpro3_splash.png"" media=""(device-width: 834px) and (device-height: 1194px) and (-webkit-device-pixel-ratio: 2)""><link rel=""apple-touch-startup-image"" href=""/content/uploads/icons/ipadpro2_splash.png"" media=""(device-width: 1024px) and (device-height: 1366px) and (-webkit-device-pixel-ratio: 2)""><meta name=""msapplication-square70x70logo"" content=""/content/uploads/icons/smalltile.png""><meta name=""msapplication-square150x150logo"" content=""/content/uploads/icons/mediumtile.png""><meta name=""msapplication-wide310x150logo"" content=""/content/uploads/icons/widetile.png""><meta name=""msapplication-square310x310logo"" content=""/content/uploads/icons/largetile.png""><meta name=""apple-mobile-web-app-status-bar-style"" content=""black""><meta name=""theme-color"" content=""#000""><meta name=""msapplication-TileColor"" content=""#000""><meta name=""apple-itunes-app"" content=""app-id=1178014476""><link rel=""apple-touch-icon-precomposed"" sizes=""180x180"" href=""content/uploads/icons/apple-touch-icon-180x180.png""><base href=""/""><style>#root{width:100%;min-height:100%}</style><style id=""pre-render--styles"">:root{--primary:#000;--primary_900:#1a1a1a;--primary_800:#262626;--primary_100:#ebebeb;--secondary:#f8ff13;--surface_default:#fff;--body-padding:44px}body[data-brand=GLS]{--secondary:#01edff}body[data-brand=NOMAD]{color:#fff;--primary:#580151;--primary_900:#fff;--primary_800:#f9f2f7;--primary_100:#2d1329;--primary_50:#1c041c;--secondary:#20A75D;--surface_default:#fff}body[data-brand=NOMAD] #root{background-color:var(--primary_50)}body[data-brand=NOMAD][data-priority-theme=brand6]{--primary:#1d2158;--primary_900:#f6f9ff;--primary_800:#bdcfff;--primary_100:#1d2158;--primary_50:#05051b;--secondary:#78aa0f;--surface_default:#fff}*{margin:0;padding:0;-webkit-box-sizing:border-box;box-sizing:border-box;outline:0}body,html{font-family:sans-serif;-webkit-font-smoothing:antialiased;color:#000;color:var(--primary);background-color:#ebebeb;background-color:var(--primary_100);margin:0;height:100vh}body{padding-top:var(--body-padding);background-color:var(--primary_100);overflow-y:scroll}body[data-brand=NOMAD]{background-color:var(--primary_50)}[type=button],[type=reset],[type=submit],button{-webkit-appearance:button}button,select{text-transform:none}button,input{overflow:visible}button,input,optgroup,select,textarea{font-family:inherit;font-size:100%;line-height:1.15;margin:0}a{text-decoration:none}.BurgerButton--menu,.DefaultLayout--content-wrapper,.DefaultLayout--wrapper,.DefaultLayout--wrapper .DefaultLayout--content-wrapper,.DefaultNavigationDesktopMenu,.Items--column,.Items--row,.MainMenuDesktop,.Tab--tab,.TabBarDesktop--wrapper{display:-webkit-box;display:-ms-flexbox;display:flex}.BurgerButton--menu,.Button--btn,.Tab--tab{-webkit-box-pack:center;-ms-flex-pack:center;justify-content:center}.BurgerButton--menu,.Button--btn,.Items--column,.Items--row,.Tab--tab{-webkit-box-align:center;-ms-flex-align:center;align-items:center}.BurgerButton--menu,.DefaultLayout--content-wrapper,.DefaultLayout--wrapper{-webkit-box-orient:vertical;-webkit-box-direction:normal;-ms-flex-direction:column;flex-direction:column}.DefaultLayout--wrapper{padding-bottom:120px;min-height:100%;position:relative;z-index:103}.Header--wrapper{position:fixed;top:0;left:0;z-index:102;width:100%;height:44px;background-color:#000;background-color:var(--primary);-webkit-box-shadow:0 1px 1px 0 rgba(0,0,0,.14),0 2px 2px -1px rgba(0,0,0,.12),0 1px 3px 0 rgba(0,0,0,.2);box-shadow:0 1px 1px 0 rgba(0,0,0,.14),0 2px 2px -1px rgba(0,0,0,.12),0 1px 3px 0 rgba(0,0,0,.2)}.Items--row{height:44px;background-color:#000;background-color:var(--primary);-webkit-box-pack:justify;-ms-flex-pack:justify;justify-content:space-between;padding:0 10px}.Items--column{height:100%}.BurgerButton--menu{width:24px;height:24px;padding:6px;margin-right:12px;cursor:pointer}.BurgerButton--lower-line,.BurgerButton--middle-line,.BurgerButton--upper-line{display:block;width:16px;height:2px;margin-bottom:2px;background-color:#fff;background-color:var(--surface_default);-webkit-transition:all .3s;-o-transition:all .3s;transition:all .3s}.BurgerButton--upper-line{-webkit-transform:translate(2px);-ms-transform:translate(2px);transform:translate(2px)}.BurgerButton--lower-line{-webkit-transform:translate(-2px);-ms-transform:translate(-2px);transform:translate(-2px)}body[data-brand=NOMAD] .BurgerButton--lower-line,body[data-brand=NOMAD] .BurgerButton--upper-line{-webkit-transform:none;-ms-transform:none;transform:none}.TabBarDesktop--wrapper{height:100%;-webkit-box-flex:1;-ms-flex:1 0 auto;flex:1 0 auto}.Tab--wrapper{color:#fff;color:var(--surface_default);margin-right:24px;text-decoration:none}.Tab--wrapper:last-child{margin-right:0}.Tab--tab{height:100%;padding:0 8px}.Tab--tab:hover{background-color:#262626;background-color:var(--primary_800)}body[data-brand=NOMAD] .Tab--tab:hover{background-color:#7e0b75}.Icon--icon,.Tab--icon{margin-right:4px;display:inline-block;vertical-align:middle}.Tab--tab .Tab--title{font-size:12px}.Button--link{background-color:transparent}.Items--column--auth .Button--link:last-child{margin-left:8px}.Button--btn{padding:0 8px;height:36px;font-size:12px;background-color:var(--surface_default);color:var(--primary);-webkit-box-shadow:0 1px 1px 0 rgba(0,0,0,.14),0 2px 2px -1px rgba(0,0,0,.12),0 1px 3px 0 rgba(0,0,0,.2);box-shadow:0 1px 1px 0 rgba(0,0,0,.14),0 2px 2px -1px rgba(0,0,0,.12),0 1px 3px 0 rgba(0,0,0,.2);display:-ms-inline-flexbox;display:inline-flex;border:none;border-radius:2px;font-family:inherit;text-transform:uppercase;text-decoration:none;vertical-align:middle;font-weight:700;cursor:pointer;outline:0}.Items--login,.Items--registration{height:28px;padding:0 8px;text-transform:none}body[data-brand=NOMAD] .Items--login,body[data-brand=NOMAD] .Items--registration{color:var(--surface_default)}body[data-brand=NOMAD] .Items--login{background-color:var(--primary);border:1px solid var(--surface_default)}.Items--registration{color:#000;color:var(--primary);background-color:var(--secondary)}.DefaultNavigationDesktopMenu{display:none}.DefaultLayout--content-wrapper{-webkit-box-flex:1;-ms-flex:1 0 auto;flex:1 0 auto}#loader-container{background-color:var(--primary)}body[data-brand=NOMAD] #loader-container{background:radial-gradient(var(--primary) 10%,var(--primary_50) 90%)}@media all and (max-width:1279px){.BurgerButton--menu,.MainMenuDesktop{display:none}}@media all and (min-width:1280px){.DefaultLayout--wrapper{padding-bottom:0;min-height:100%;-webkit-box-orient:vertical;-webkit-box-direction:normal;-ms-flex-direction:column;flex-direction:column}.Header--wrapper{height:48px;background-color:transparent;box-shadow:none}.Items--row{height:48px}.DefaultLayout--wrapper .DefaultLayout--content-wrapper{width:100%;min-height:calc(100vh - 48px);-webkit-box-orient:horizontal;-webkit-box-direction:reverse;-ms-flex-direction:row;flex-direction:row;padding-right:8px}.DefaultNavigationDesktopMenu{width:25vw;background-color:var(--primary_900);margin-top:-22px}.Logo--logo{width:80px;display:block}.Items--login,.Items--registration{padding:0 16px}}#pre-render--html+#root{position:absolute;left:-9999px;top:0}@keyframes anim-rotate{0%{transform:rotate(0)}100%{transform:rotate(360deg)}}.animation-rotate{animation:anim-rotate .5s linear infinite}</style><!--It should be empty. Add correct script on every brand needed-->
<script>!function(a,b,c,d,e,f){a.ddjskey=e;a.ddoptions=f||null;var m=b.createElement(c),n=b.getElementsByTagName(c)[0];m.async=1,m.src=d,n.parentNode.insertBefore(m,n)}(window,document,""script"",""https://js.datadome.co/tags.js"",""8C3B447B229E3576822D6D36561F42"", { ajaxListenerPath: true });</script>
</head><body data-brand='COM'><script>window.__PRERENDERED_MANIFEST__ = {""features"":""features.d8675b96929580aee8bf802e2cade6bb.json"",""common"":""common.96a3bb09745aecc212bebfc276bdb5fb.json"",""support"":""support.53741c50036453e67f140415f14933fb.json"",""kyc"":""kyc.bef226d73afcd03b8d8a93e8787f00f4.json"",""abaServices"":""abaServices.6dcd84a9f21c74fcfc94fac88d9b4aaa.json"",""footer"":""footer.17b2f436e8a8c306fa849819a7b9858f.json"",""topWidget"":""topWidget.026b5d71d0e09672d51855bf448b08e0.json"",""preDefinedCurrencies"":""preDefinedCurrencies.cd3f2f699e0a762397f1cd064b3b1eab.json"",""summary"":""summary.2732d753e0509cbe319f507fe623d5c2.json"",""accountsCommon"":""accountsCommon.9fb2a0bc781f368c8caa94214807a5f1.json"",""forbiddenCountries"":""forbiddenCountries.8350bc70a0a214cbaa34ee032cf9a84a.json"",""countriesList"":""countriesList.69c8ed12b87157b333b687eb571a330c.json"",""fieldsRules"":""fieldsRules.0acd8c8cb23c791a385dc5bec23c74a8.json"",""vipUsers"":""vipUsers.404afbc2e87d4988cef042ab61dd200e.json"",""search"":""search.cf3053dfd7b36d6f5b68e0f896c3d128.json"",""sports"":""sports.b069a26ba1a6a4712a26ca9e92d9bc50.json"",""recommendedCards"":""recommendedCards.0489e6b8294c9885fbad3e97648f6d66.json"",""eventMarketTabs"":""eventMarketTabs.a7f2f91e417b9f968a57bd258b5275a5.json"",""applicationLayout"":""applicationLayout.382c4e759822a93d51f8924a07f224bb.json"",""seo"":""seo.ea835159653ada34a5f0043d8bb7f8f7.json"",""betslipCommon"":""betslipCommon.2a040a4bc2d87e272d84abb0bf855b91.json"",""betsHistoryCommon"":""betsHistoryCommon.a5e552e5660a41b29f023bb2beb07298.json"",""paymentsHistory"":""paymentsHistory.2732d753e0509cbe319f507fe623d5c2.json"",""tabBarMobile"":""tabBarMobile.b77bbc6d03edbdc817476134cd088bf4.json"",""stickyMenu"":""stickyMenu.8fff078c0319162d3deda76595fca222.json"",""quickAccessButtons"":""quickAccessButtons.d1ea706e76d6dfe056935614ae1ee736.json"",""tabBarDesktop"":""tabBarDesktop.17c9f7a51b3f07825519df85304e291a.json"",""eventCenter"":""eventCenter.142221102133295b40c590368265d424.json"",""growthbook_experiments"":""growthbook_experiments.e9749f816dbd0034c640d67a13523aff.json"",""registration"":""registration.acf917d7c42196eb45782dbfe875e339.json"",""otpConfirmation"":""otpConfirmation.a6e2e7d7b42095a13c05064dbf4dd569.json"",""maintenance"":""maintenance.0438fdbb5d81262ebadc2f96edd41a8d.json"",""slides"":""slides.dd39d118ab5098e5cb7b48e8d9201eae.json"",""phoneConfirmation"":""phoneConfirmation.6756d9305986ddea32338b5dd1e283d7.json"",""eventViewBanner"":""eventViewBanner.cc193d07bb1c65e57ec8c9b5d3f90bbe.json"",""UA_BANK_ID"":""UA_BANK_ID.24de59c8f2e435d25d689510b61e716f.json"",""userAccountConfig"":""userAccountConfig.77804713f727f26c28ed3493cf56161d.json"",""contentHub"":""contentHub.eedf4a8e526f05e88afbfdb31059840c.json"",""quickAccessbuttons"":""quickAccessbuttons.ab2087374c1e4ad868b2818d4e27a9af.json"",""firstBet"":""firstBet.a5e8f7c3092a9588fe0a5ba4332fb518.json"",""sportScores"":""sportScores.f98f66250b224ffce417aa11b03b8362.json"",""marketLayouts"":""marketLayouts.75d0d4b0812d902b01b13eaa6eec90e3.json"",""betsHistoryCommonModulor"":""betsHistoryCommonModulor.3b2c77e8bdf6d73c41e75ccc40b6960d.json"",""kycConfiguration"":""kycConfiguration.dffacafcbd5dbb8fb71a6183f3bad441.json""};
  window.__PRERENDERED_SETTINGS__ = {
  ""DEFAULT_LANGUAGE_DOMAIN"": ""ru""
};</script><script>try {
    // Read new settings file after gateway will be deployed
    window.__THEME_SETTINGS__ = <?xml version=""1.0"" encoding=""UTF-8""?>
<Error><Code>AccessDenied</Code><Message>Access Denied</Message><RequestId>QG9QHCZQQ55SCVWP</RequestId><HostId>GM9l2G3UHrPbM9A4MKmdjrXHCTK+pF9IXhS2F4WDTM8mF+5W0ablfseVVVNjkrx8MVUVrMcY72A=</HostId></Error>
    // window.__THEME_SETTINGS__ = {
    //   theme: 'brand6',
    // }
    if (window.__THEME_SETTINGS__ && window.__THEME_SETTINGS__.theme) {
      document.querySelector('body').dataset.priorityTheme = window.__THEME_SETTINGS__.theme;
    }
  } catch (e) {
    console.log(e);
  }</script><div class=""DefaultLayout--wrapper"" id=""pre-render--html""><svg xmlns=""http://www.w3.org/2000/svg"" xmlns:xlink=""http://www.w3.org/1999/xlink"" style=""position:absolute;width:0;height:0""><symbol xmlns=""http://www.w3.org/2000/svg"" viewBox=""0 0 20 16"" id=""UII_Live""><path fill-rule=""evenodd"" d=""M2.87.5h14.26c1.12 0 2.037.75 2.037 1.667v11.667c0 .917-.917 1.667-2.037 1.667H2.87c-1.12 0-2.037-.75-2.037-1.667V2.167C.833 1.25 1.75.5 2.87.5zm3.325 9.007h-2.1V4.576H2.9V10.5h3.296v-.993zm.745.993h1.196V4.576H6.94V10.5zm4.13-1.628l.997-4.297h1.335l-1.71 5.924h-1.245L8.75 4.576h1.327l.993 4.297zm4.085-.936h1.864v-.964h-1.864v-1.4h2.197v-.997H13.96V10.5h3.402v-.993h-2.205v-1.57z""></path></symbol><symbol xmlns=""http://www.w3.org/2000/svg"" viewBox=""0 0 18 20"" id=""UII_Data""><path d=""M17 2c.6 0 1 .4 1 1v16c0 .6-.4 1-1 1H1c-.6 0-1-.4-1-1V3c0-.6.4-1 1-1h3V0h2v2h6V0h2v2h3zm-1 16V6H2v12h14zM4 8h5v5H4V8z""></path></symbol><symbol xmlns=""http://www.w3.org/2000/svg"" viewBox=""0 0 24 24"" id=""UII_Casino""><path fill-rule=""evenodd"" d=""M11.2 3.8l.9-1.8.9 1.8 2 .3-1.45 1.4.34 2-1.8-.94-1.8.94.34-2L9.2 4.1l2-.3zm3 6.25h7.9v12.72H2V10.06h12.2zm6.05 10.88H16V11.9h4.24v9.03zm-6.08 0H9.93V11.9h4.24v9.03zm-6.08 0H3.84V11.9h4.24v9.03zM15.96 7.2l-.34 2 1.8-.94 1.8.94-.34-2 1.44-1.4-2-.3-.9-1.8-.9 1.8-2 .3 1.44 1.4zm-9.2 1.05l-1.8.94.34-2-1.44-1.4 2-.3.9-1.8.9 1.8 2 .3L8.2 7.2l.34 2-1.78-.94z""></path></symbol><symbol xmlns=""http://www.w3.org/2000/svg"" viewBox=""0 0 24 24"" id=""UII_VirtualSport""><path fill-rule=""evenodd"" d=""M4.3 3.9c-.18 0-.46.2-.46.58v9.16c0 .4.3.6.46.6h8.78a1 1 0 1 1 0 2h-1.1v1.46h1.6c.44 0 .8.4.8.87s-.36.87-.8.87H8c-.44 0-.8-.4-.8-.87s.36-.87.8-.87h1.6v-1.46H4.3c-1.43 0-2.46-1.25-2.46-2.6V4.5c0-1.35 1.03-2.58 2.46-2.58h12.96c1.43 0 2.45 1.24 2.45 2.58v5.34a1 1 0 1 1-2 0V4.5c0-.4-.28-.58-.45-.58H4.3zm13.22 9.87c-.4 0-.77.36-.77.9v3.8c0 1.2.88 2.1 1.88 2.1s1.88-.9 1.88-2.1v-3.8c0-.53-.4-.9-.77-.9h-2.2zm-1.77.9c0-1 .75-1.9 1.77-1.9h2.2c1.02 0 1.77.9 1.77 1.9v3.8c0 1.67-1.25 3.1-2.88 3.1s-2.88-1.43-2.88-3.1v-3.8zm2.1 2.07c0 .48.36.87.8.87s.8-.4.8-.87v-.87c0-.48-.36-.87-.8-.87s-.8.4-.8.87v.87z""></path></symbol></svg><div class=""Header--wrapper""><div class=""Items--row""><div class=""Items--column""><div role=""button"" tabindex=""0"" class=""BurgerButton--menu""><span class=""BurgerButton--upper-line""></span> <span class=""BurgerButton--middle-line""></span> <span class=""BurgerButton--lower-line""></span></div><a href=""/"" class=""Logo--logo""></a></div><div class=""Items--column""><div class=""TabBarDesktop--wrapper MainMenuDesktop""><a class=""Tab--wrapper"" href=""/football/live""><div class=""Tab--tab""><svg class=""Tab--icon"" width=""20"" fill=""var(--surface_default)"" height=""20""><use xlink:href=""#UII_Live""/></svg> <span class=""Tab--title"">...</span></div></a><a class=""Tab--wrapper"" href=""/football""><div class=""Tab--tab""><svg class=""Tab--icon"" width=""20"" fill=""var(--surface_default)"" height=""20""><use xlink:href=""#UII_Data""/></svg> <span class=""Tab--title"">...</span></div></a><a class=""Tab--wrapper"" href=""/""><div class=""Tab--tab""><svg class=""Tab--icon"" width=""20"" fill=""var(--surface_default)"" height=""20""><use xlink:href=""#UII_Casino""/></svg> <span class=""Tab--title"">...</span></div></a><a class=""Tab--wrapper"" href=""/""><div class=""Tab--tab""><svg class=""Tab--icon"" width=""20"" fill=""var(--surface_default)"" height=""20""><use xlink:href=""#UII_VirtualSport""/></svg> <span class=""Tab--title"">...</span></div></a></div></div><div class=""Items--column Items--column--auth""><a href=""/login"" title=""Log in"" class=""Button--link""><button class=""Button--btn Items--login"" type=""button""><span class=""Button--btn-inner"">...</span></button> </a><a href=""/regtel"" title=""Sign up"" class=""Button--link""><button class=""Button--btn Items--registration"" type=""button""><span class=""Button--btn-inner"">...</span></button></a></div></div></div><div class=""DefaultLayout--content-wrapper""><div class=""DefaultNavigationDesktopMenu""></div><div id=""loader-container"" style=""position:absolute;color:#000;top:0;left:0;right:0;bottom:0;display:block;z-index:10000""><div id=""loader"" style=""position:absolute;color:#000;top:50%;left:50%;transform:translate(-50%,-50%)""><svg width=""150"" height=""45"" xmlns=""http://www.w3.org/2000/svg"" version=""1.1"" id=""Layer_1"" x=""0"" y=""0"" viewBox=""0 0 500 150"" xml:space=""preserve""><style>.st0{fill:#f8ff13}</style><path class=""st0"" d=""M94.1 70l5.3-18.6h24.7c13 0 20.9-5.9 24.5-18.4l2-6.9C155.2 10.2 147.7.3 131.3.3H23.9L3.9 70h90.2zm37.1-51L127 34.2h-22.6l4.3-15.1h22.5zM159.8 70l6.6-11.7H197V70h20.1V.2h-39.5L136.5 70h23.3zm28.9-50.8h8.3v22.2h-21l12.7-22.2zM299.1 32.3l1.8-6.3C305.5 9.9 298 .2 281.6.2h-38.2l-20 69.8h20.9l5.5-19.2h13l5.9 19.2h21.5l-6.3-20.5c7.6-2.3 12.6-8 15.2-17.2M258.9 19h22.5l-4.2 15.1h-22.6l4.3-15.1zM318.7 70l20-69.8h-21L297.8 70zM190.6 79.9L167 107.8l-9.7-27.9H66.8l-19.9 69.9h90.2l11-38.6 7.3 21.6h13.5l19.5-23-11.5 40h20.9l19.9-69.9zM245.7 79.9l-41.2 69.8h23.3l6.6-11.7H265v11.7h20.1V80l-39.4-.1zm-1.6 41.3L256.7 99h8.3v22.2h-20.9zM355.8 99.9l5.7-20H298l-5.7 20h23L301 149.8h20.9l14.3-49.9zM383.7 99.9h31.7l5.8-19.9h-33.8c-13 0-20.9 5.9-24.5 18.4l-7.4 25.5c-4.7 16.3 2.9 25.8 19.3 25.8h26.3l5.7-19.9h-31.7l8.6-29.9zM475.2 79.9l-7.2 25h-23.9l7.1-25h-20.9l-19.9 69.9h20.9l7.1-25h23.9l-7.1 25h21l19.9-69.9z""/></svg></div></div></div></div><div id=""root""></div><script src=""/lcpContent.js"" async></script><script id=""pre-render--configs""></script><script src=""main.bfc50085f264caceadfb.js""></script><script src=""shell.js""></script></body></html>"
"{""brand"":""COM"",""taxInformation"":{""defaultVariation"":{""taxCoefficient"":0.2,""bonusCoefficient"":0.2}},""minBetStakeAmounts"":{""defaultVariation"":{""UAH"":{""single"":20,""parlay"":20,""system"":21},""XTS"":{""single"":10,""parlay"":10,""system"":10.5},""USD"":{""single"":1,""parlay"":1,""system"":1.05},""EUR"":{""single"":1,""parlay"":1,""system"":1.05},""PLN"":{""single"":1,""parlay"":1,""system"":0.35},""MDL"":{""single"":5,""parlay"":5,""system"":1.75},""AZN"":{""single"":0.5,""parlay"":0.5,""system"":0.175},""UXBT"":{""single"":30,""parlay"":30,""system"":90},""TMT"":{""single"":0.7,""parlay"":0.7,""system"":0.7},""KGS"":{""single"":1.5,""parlay"":1.5,""system"":1.5}}},""preSetStakeAmounts"":{""defaultVariation"":{""UAH"":[""100"",""200"",""500"",""MAX""],""USD"":[""20"",""50"",""100"",""MAX""],""XTS"":[""20"",""50"",""100"",""MAX""],""EUR"":[""20"",""50"",""100"",""MAX""],""BRL"":[""10"",""20"",""50"",""MAX""],""TZS"":[""10"",""20"",""50"",""MAX""],""NGN"":[""10"",""20"",""50"",""MAX""],""PKR"":[""500"",""1000"",""2000"",""MAX""],""INR"":[""100"",""200"",""500"",""MAX""],""UXBT"":[""300"",""600"",""900"",""MAX""],""TMT"":[""50"",""150"",""MAX""],""KGS"":[""30"",""100"",""MAX""]},""rules"":[{""conditions"":[{""values"":["".*_NVGMOeySlqZxV3Pv016fQ[.][0-9]{5}[.]1(!.*)?""],""predicate"":""tags.cookie"",""operator"":""matches""}],""variation"":{""UAH"":[""100"",""200"",""ALL-IN"",""MAX""],""USD"":[""20"",""50"",""100"",""MAX""],""EUR"":[""20"",""50"",""100"",""MAX""],""BRL"":[""10"",""20"",""50"",""MAX""],""TZS"":[""10"",""20"",""50"",""MAX""],""NGN"":[""10"",""20"",""50"",""MAX""],""PKR"":[""500"",""1000"",""2000"",""MAX""],""INR"":[""100"",""200"",""500"",""MAX""],""UXBT"":[""300"",""600"",""900"",""MAX""],""TMT"":[""50"",""150"",""MAX""],""KGS"":[""30"",""100"",""MAX""]}}]},""defaultStakeAmounts"":{""defaultVariation"":{""UAH"":{""single"":30,""parlay"":30,""system"":30},""XTS"":{""single"":30,""parlay"":30,""system"":30},""USD"":{""single"":10,""parlay"":10,""system"":10},""EUR"":{""single"":10,""parlay"":10,""system"":10},""BRL"":{""single"":1,""parlay"":1,""system"":1},""TZS"":{""single"":300,""parlay"":300,""system"":300},""NGN"":{""single"":50,""parlay"":50,""system"":50},""PLN"":{""single"":5,""parlay"":5,""system"":5},""MDL"":{""single"":5,""parlay"":5,""system"":1.75},""AZN"":{""single"":1,""parlay"":1,""system"":1},""UXBT"":{""single"":100,""parlay"":100,""system"":100},""TMT"":{""single"":15,""parlay"":15,""system"":15},""KGS"":{""single"":10,""parlay"":10,""system"":10}}},""betslip2DefaultMode"":{""defaultVariation"":{""mode"":""expanded""}},""sports"":{""defaultVariation"":{""items"":[{""feedId"":""F"",""id"":""soccer"",""title"":""Football"",""icon"":""SI_Soccer""},{""feedId"":""CS"",""id"":""eSport"",""title"":""E-Sports"",""icon"":""SI_Cybersport""},{""feedId"":""T"",""id"":""tennis"",""title"":""Tennis"",""icon"":""SI_Tennis""},{""feedId"":""TT"",""id"":""tableTennis"",""title"":""Table Tennis"",""icon"":""SI_TableTennis""},{""feedId"":""B"",""id"":""basketball"",""title"":""Basketball"",""icon"":""SI_Basketball""},{""feedId"":""VB"",""id"":""volleyball"",""title"":""Volleyball"",""icon"":""SI_Volleyball""},{""feedId"":""H"",""id"":""iceHockey"",""title"":""Ice Hockey"",""icon"":""SI_IceHockey""},{""feedId"":""UFC"",""id"":""ufc"",""title"":""UFC"",""icon"":""SI_UFC""},{""feedId"":""HB"",""id"":""handball"",""title"":""Handball"",""icon"":""SI_Handball""},{""feedId"":""BV"",""id"":""beachVolleyball"",""title"":""Beach Volleyball"",""icon"":""SI_BeachVolleyball""},{""feedId"":""BN"",""id"":""badminton"",""title"":""Badminton"",""icon"":""SI_Badminton""},{""feedId"":""BX"",""id"":""box"",""title"":""Boxing"",""icon"":""SI_Box""},{""feedId"":""MA"",""id"":""mma"",""title"":""MMA"",""icon"":""SI_MMA""},{""feedId"":""FZ"",""id"":""futsal"",""title"":""Futsal"",""icon"":""SI_IndoorSoccer""},{""feedId"":""AF"",""id"":""amFootball"",""title"":""American football"",""icon"":""SI_AmFootball""},{""feedId"":""AM"",""id"":""autoMoto"",""title"":""Motor Sports"",""icon"":""SI_Racing""},{""feedId"":""AR"",""id"":""aussie-rules"",""title"":""Aussie Rules"",""icon"":""SI_AussieRules""},{""feedId"":""BB"",""id"":""baseball"",""title"":""Baseball"",""icon"":""SI_Baseball""},{""feedId"":""BD"",""id"":""bandy"",""title"":""Bandy"",""icon"":""SI_Bandy""},{""feedId"":""BF"",""id"":""beachSoccer"",""title"":""Beach Football"",""icon"":""SI_BeachSoccer""},{""feedId"":""BW"",""id"":""bowls"",""title"":""Bowls"",""icon"":""SI_Bowls""},{""feedId"":""CR"",""id"":""cycleRacing"",""title"":""Cycling"",""icon"":""SI_Cycling""},{""feedId"":""CE"",""id"":""chess"",""title"":""Chess"",""icon"":""SI_Chess""},{""feedId"":""CL"",""id"":""curling"",""title"":""Curling"",""icon"":""SI_Curling""},{""feedId"":""CK"",""id"":""cricket"",""title"":""Cricket"",""icon"":""SI_Cricket""},{""feedId"":""KB"",""id"":""kabaddi"",""title"":""Kabaddi"",""icon"":""SI_Kabaddi""},{""feedId"":""DT"",""id"":""darts"",""title"":""Darts"",""icon"":""SI_Darts""},{""feedId"":""ET"",""id"":""entertaiment"",""title"":""Entertaiments"",""icon"":""SI_Entertainment""},{""feedId"":""FL"",""id"":""floorball"",""title"":""Floorball"",""icon"":""SI_Floorball""},{""feedId"":""FH"",""id"":""fieldHockey"",""title"":""Field Hockey"",""icon"":""SI_FieldHockey""},{""feedId"":""GF"",""id"":""golf"",""title"":""Golf"",""icon"":""SI_Golf""},{""feedId"":""MR"",""id"":""motorcycle-races"",""title"":""Motorbikes"",""icon"":""SI_Racing""},{""feedId"":""LT"",""id"":""lottery"",""title"":""Lottery"",""icon"":""SI_Lottery""},{""feedId"":""OG"",""id"":""olympicGames"",""title"":""Olympics"",""icon"":""SI_Olympics""},{""feedId"":""PL"",""id"":""snooker"",""title"":""Snooker"",""icon"":""SI_Snooker""},{""feedId"":""PO"",""id"":""politics"",""title"":""Politics"",""icon"":""SI_Politics""},{""feedId"":""RG"",""id"":""rugby"",""title"":""Rugby"",""icon"":""SI_Rugby""},{""feedId"":""BT"",""id"":""biathlon"",""title"":""Biathlon"",""icon"":""SI_Biathlon""},{""feedId"":""VF"",""id"":""virtual-football"",""title"":""Virtual Football"",""icon"":""SI_Cybersport""},{""feedId"":""VT"",""id"":""virtual-tennis"",""title"":""Virtual Tennis"",""icon"":""SI_Cybersport""},{""feedId"":""VL"",""id"":""virtual-basketball"",""title"":""Virtual Basketball"",""icon"":""SI_Cybersport""},{""feedId"":""WP"",""id"":""waterPolo"",""title"":""Water Polo"",""icon"":""SI_WaterPolo""},{""feedId"":""WS"",""id"":""winterSport"",""title"":""Winter Sports"",""icon"":""SI_WinterSports""},{""feedId"":""OT"",""id"":""otherEvents"",""title"":""Other"",""icon"":""SI_OtherEvents""}]}},""locizeVersion"":{""defaultVariation"":""stable""},""defaultCurrency"":""UAH""}"
